{
  "model": "fisheye",
  "camera_name": "overhead",
  "image_width": 1280,
  "image_height": 720,
  "pattern_cols": 8,
  "pattern_rows": 6,
  "square_size_mm": 25.0,
  "sample_count": 20,
  "used_images": [
    "samples/overhead/sample_01.jpg",
    "samples/overhead/sample_02.jpg",
    "samples/overhead/sample_03.jpg",
    "samples/overhead/sample_04.jpg",
    "samples/overhead/sample_05.jpg",
    "samples/overhead/sample_06.jpg",
    "samples/overhead/sample_07.jpg",
    "samples/overhead/sample_08.jpg",
    "samples/overhead/sample_09.jpg",
    "samples/overhead/sample_10.jpg",
    "samples/overhead/sample_11.jpg",
    "samples/overhead/sample_12.jpg",
    "samples/overhead/sample_13.jpg",
    "samples/overhead/sample_14.jpg",
    "samples/overhead/sample_15.jpg",
    "samples/overhead/sample_16.jpg",
    "samples/overhead/sample_17.jpg",
    "samples/overhead/sample_18.jpg",
    "samples/overhead/sample_19.jpg",
    "samples/overhead/sample_20.jpg"
  ],
  "opencv_rms": 0.6774929178812691,
  "reprojection_rmse_px": 0.6774927012573025,
  "per_view_rmse_px": [
    0.392762003137774,
    0.72958089190201,
    0.4206925956706106,
    0.5221392358958712,
    0.5840018206268968,
    0.7084777055880077,
    0.6183098503696454,
    0.7005890372418057,
    0.7162788749454528,
    0.5126390043485376,
    0.5872283893432947,
    0.7036348992643846,
    0.8703418245867843,
    1.0485034581712895,
    0.9013142724644052,
    0.5361525297448582,
    0.6719137888111876,
    0.6204518305666559,
    0.6050592942853056,
    0.7433937723383072
  ],
  "balance": 0.0,
  "created_unix_time": 1778666182.3205438
}
