{
  "camera_name": "wrist",
  "camera_id": 2,
  "image_width": 1280,
  "image_height": 720,
  "fps": 30,
  "pattern_cols": 8,
  "pattern_rows": 6,
  "square_size_mm": 25.0,
  "captured_sample_count": 20,
  "sample_count": 19,
  "kept_sample_indices_1_based": [
    1,
    2,
    3,
    4,
    5,
    6,
    7,
    8,
    9,
    10,
    11,
    12,
    13,
    14,
    15,
    16,
    17,
    18,
    19
  ],
  "rejected_sample_indices_1_based": [
    20
  ],
  "max_view_rmse_px": 1.0,
  "opencv_rms": 0.6253783598818259,
  "reprojection_rmse_px": 0.6253786545800034,
  "per_view_rmse_px": [
    0.3253613524576199,
    0.38567835766592284,
    0.6948645909696359,
    0.46721182697893376,
    0.7741999922188435,
    0.5368037367488567,
    0.5133443542070906,
    0.4463238332170816,
    0.3777651754234843,
    0.28821487385675937,
    0.34899479989957466,
    0.7916116706199605,
    0.6877683417479641,
    0.6767946745104428,
    0.8111643546516959,
    0.708544119569506,
    0.8841855024330648,
    0.7017031443372906,
    0.8862151246629741
  ],
  "roi": [
    0,
    0,
    1279,
    719
  ],
  "created_unix_time": 1778666574.0050716,
  "model": "pinhole",
  "alpha": 0.0,
  "promoted_from": "calibrations/wrist/calibration_pinhole.npz",
  "promoted_unix_time": 1778666675.9705725
}
