{
  "camera_name": "wrist",
  "camera_id": 2,
  "image_width": 1280,
  "image_height": 720,
  "fps": 30,
  "pattern_cols": 8,
  "pattern_rows": 6,
  "square_size_mm": 25.0,
  "captured_sample_count": 20,
  "sample_count": 20,
  "kept_sample_indices_1_based": [
    1,
    2,
    3,
    4,
    5,
    6,
    7,
    8,
    9,
    10,
    11,
    12,
    13,
    14,
    15,
    16,
    17,
    18,
    19,
    20
  ],
  "rejected_sample_indices_1_based": [],
  "max_view_rmse_px": 1.0,
  "opencv_rms": 0.4755028023246341,
  "reprojection_rmse_px": 0.47550324407365663,
  "per_view_rmse_px": [
    0.21809158693422126,
    0.4535488366514056,
    0.30717061261338974,
    0.4876778266312752,
    0.5357283638296776,
    0.5386089320894931,
    0.2853537854882491,
    0.34940502598313855,
    0.43307980603804375,
    0.5994531303544279,
    0.5901545166281176,
    0.5095644997114378,
    0.3374866776571489,
    0.3059672088312868,
    0.5210988407610493,
    0.38074131686094387,
    0.4747596901820848,
    0.6648448281404544,
    0.5192200574568868,
    0.6634237892099041
  ],
  "roi": [
    0,
    0,
    1279,
    719
  ],
  "alpha": 0.0,
  "created_unix_time": 1779460089.8933313
}
